{"stats":{"minecraft:killed":{"minecraft:horse":1,"minecraft:iron_golem":6,"minecraft:cow":2,"minecraft:villager":9},"minecraft:picked_up":{"minecraft:poppy":15,"minecraft:dandelion":1,"minecraft:wheat_seeds":1,"minecraft:torch":4,"minecraft:iron_ingot":62},"minecraft:used":{"minecraft:grass_block":74,"minecraft:lapis_block":51,"minecraft:netherite_block":197,"minecraft:chain_command_block":4,"minecraft:dirt_path":9,"minecraft:netherite_shovel":57,"minecraft:oak_sign":7,"minecraft:golden_sword":1,"minecraft:yellow_dye":1,"minecraft:orange_dye":1,"minecraft:glass_pane":1,"minecraft:command_block":14,"minecraft:torch":3,"minecraft:dirt":9,"minecraft:hay_block":2,"minecraft:smooth_stone":9,"minecraft:lava_bucket":4,"minecraft:redstone_block":9,"minecraft:stone_button":2,"minecraft:glow_ink_sac":1,"minecraft:cobblestone":1,"minecraft:stone":2,"minecraft:oak_stairs":5,"minecraft:splash_potion":3,"minecraft:white_bed":1,"minecraft:oak_door":1},"minecraft:custom":{"minecraft:time_since_rest":1211895,"minecraft:walk_one_cm":296200,"minecraft:leave_game":40,"minecraft:mob_kills":18,"minecraft:play_time":1211895,"minecraft:damage_dealt":8250,"minecraft:jump":391,"minecraft:time_since_death":1211895,"minecraft:bell_ring":2,"minecraft:sprint_one_cm":13676,"minecraft:fall_one_cm":496,"minecraft:total_world_time":1598247,"minecraft:fly_one_cm":1475266,"minecraft:crouch_one_cm":13901,"minecraft:sneak_time":8790}},"DataVersion":4325}