{"stats":{"minecraft:killed":{"minecraft:horse":1,"minecraft:iron_golem":11,"minecraft:cow":2,"minecraft:villager":9},"minecraft:used":{"minecraft:grass_block":74,"minecraft:lapis_block":51,"minecraft:netherite_block":332,"minecraft:chain_command_block":4,"minecraft:dirt_path":9,"minecraft:netherite_shovel":57,"minecraft:iron_golem_spawn_egg":5,"minecraft:oak_sign":8,"minecraft:golden_sword":1,"minecraft:yellow_dye":1,"minecraft:orange_dye":1,"minecraft:glass_pane":1,"minecraft:command_block":16,"minecraft:torch":3,"minecraft:dirt":9,"minecraft:hay_block":2,"minecraft:smooth_stone":9,"minecraft:lava_bucket":4,"minecraft:redstone_block":13,"minecraft:stone_button":2,"minecraft:glow_ink_sac":1,"minecraft:cobblestone":1,"minecraft:stone":2,"minecraft:oak_stairs":5,"minecraft:splash_potion":3,"minecraft:white_bed":1,"minecraft:oak_door":1},"minecraft:picked_up":{"minecraft:poppy":19,"minecraft:dandelion":1,"minecraft:wheat_seeds":1,"minecraft:torch":4,"minecraft:iron_ingot":81},"minecraft:custom":{"minecraft:time_since_rest":1339387,"minecraft:walk_one_cm":335912,"minecraft:leave_game":51,"minecraft:walk_under_water_one_cm":584,"minecraft:mob_kills":23,"minecraft:play_time":1339387,"minecraft:damage_dealt":13250,"minecraft:jump":448,"minecraft:time_since_death":1339387,"minecraft:bell_ring":2,"minecraft:sprint_one_cm":15236,"minecraft:fall_one_cm":839,"minecraft:total_world_time":1749545,"minecraft:fly_one_cm":2349427,"minecraft:walk_on_water_one_cm":475,"minecraft:crouch_one_cm":17063,"minecraft:sneak_time":10539}},"DataVersion":4325}